account_id,name,industry,employee_count,arr,region,owner_id,created_at
1,Elevate Networks,Retail,223,33631,LATAM,13,2020-07-24T00:00:00
2,Fusion Networks,Energy,185,38805,LATAM,4,2020-01-29T00:00:00
3,Synergy Solutions,Financial Services,107,9065,APAC,10,2020-01-20T00:00:00
4,Vanguard Platforms,Government,47,27257,LATAM,5,2023-12-23T00:00:00
5,Optima Platforms,Technology,834,131064,APAC,7,2022-10-14T00:00:00
6,Nova Holdings,Retail,128,15450,LATAM,1,2024-05-14T00:00:00
7,Catalyst Platforms,Transportation,90,26755,North America,4,2021-03-01T00:00:00
8,Optima Networks,Education,48860,137899,North America,3,2024-03-28T00:00:00
9,Apex Networks,Government,10860,850349,APAC,12,2023-09-04T00:00:00
10,Pacific Corp,Retail,128,1732,EMEA,13,2022-09-05T00:00:00
11,Velocity Partners,Financial Services,33452,598436,APAC,7,2020-10-27T00:00:00
12,Nexus Software,Manufacturing,33331,142027,North America,13,2022-08-04T00:00:00
13,Zenith Technologies,Financial Services,451,67087,North America,10,2023-11-26T00:00:00
14,Pacific Enterprises,Media & Entertainment,115,24809,APAC,7,2024-02-05T00:00:00
15,Nexus Inc,Energy,172,15091,EMEA,6,2022-07-21T00:00:00
16,Horizon Digital,Retail,,161545,LATAM,6,2020-01-07T00:00:00
17,Pacific Labs,Professional Services,651,133327,North America,5,2022-09-06T00:00:00
18,Velocity Digital,Financial Services,141,3399,APAC,2,2021-01-31T00:00:00
19,Acme Group,Retail,124,33613,EMEA,7,2023-02-24T00:00:00
20,Atlas Dynamics,Transportation,118,31533,APAC,5,2021-05-23T00:00:00
21,Vanguard Holdings,Energy,815,157317,APAC,6,2022-10-28T00:00:00
22,Atlas Enterprises,Healthcare,1405,232646,North America,1,2022-10-05T00:00:00
23,Pacific Software,Financial Services,77,47575,LATAM,6,2020-06-12T00:00:00
24,Quantum Systems,Media & Entertainment,1350,28329,North America,15,2024-11-22T00:00:00
25,Apex Solutions,Financial Services,137,23677,North America,14,2023-04-27T00:00:00
26,Acme Inc,Manufacturing,51,22054,APAC,13,2024-01-17T00:00:00
27,Elevate Group,Transportation,23826,1349602,North America,5,2024-02-20T00:00:00
28,Zenith Technologies,Manufacturing,167,1025,,11,2020-02-09T00:00:00
29,Optima Platforms,Professional Services,70,47859,APAC,14,2023-08-07T00:00:00
30,Fusion Networks,Manufacturing,162,20978,North America,7,2024-04-17T00:00:00
31,Atlas Technologies,Financial Services,25,39957,North America,14,2020-08-08T00:00:00
32,Nexus Networks,Transportation,92,47292,APAC,4,2020-12-02T00:00:00
33,Horizon Holdings,Media & Entertainment,23,36310,APAC,7,2021-03-17T00:00:00
34,Zenith Analytics,Manufacturing,42,2853,APAC,5,2021-10-18T00:00:00
35,Pinnacle Partners,,12,3106,APAC,13,2021-04-15T00:00:00
36,Apex Solutions,Media & Entertainment,54,8117,LATAM,3,2024-01-25T00:00:00
37,Elevate Labs,Media & Entertainment,909,31302,,9,2023-06-14T00:00:00
38,Elevate Corp,Telecommunications,616,55248,LATAM,13,2020-03-25T00:00:00
39,Acme Software,Media & Entertainment,1689,171018,EMEA,2,2024-05-07T00:00:00
40,Apex Dynamics,Media & Entertainment,44376,1506803,EMEA,3,2020-08-02T00:00:00
41,Nexus Corp,Financial Services,1998,247345,APAC,13,2021-04-15T00:00:00
42,Fusion Solutions,Technology,903,31206,EMEA,1,2024-09-10T00:00:00
43,Velocity Corp,Energy,27,29487,APAC,2,2022-09-01T00:00:00
44,Apex Inc,Financial Services,1909,42773,LATAM,5,2023-03-18T00:00:00
45,Quantum Software,,1803,119772,APAC,11,2022-09-03T00:00:00
46,Vanguard Holdings,Transportation,65,34231,North America,12,2023-02-25T00:00:00
47,Synergy Partners,Technology,38,34573,EMEA,15,2024-03-23T00:00:00
48,Vertex Inc,Retail,13837,1459049,LATAM,3,2022-09-24T00:00:00
49,Elevate Group,Education,25,47654,LATAM,8,2023-11-22T00:00:00
50,Fusion Technologies,Transportation,1268,34254,North America,13,2022-12-19T00:00:00
51,Zenith Services,Education,1993,38785,LATAM,16,2024-10-02T00:00:00
52,Fusion Inc,Media & Entertainment,133,39248,LATAM,5,2021-08-23T00:00:00
53,Fusion Digital,Financial Services,1611,-247849,North America,10,2021-03-26T00:00:00
54,Vertex Holdings,Telecommunications,1590,215634,North America,4,2024-03-13T00:00:00
55,Vertex Group,Professional Services,177,779,APAC,7,2021-02-26T00:00:00
56,Elevate Technologies,Media & Entertainment,24,3410,EMEA,6,2021-05-28T00:00:00
57,Nexus Corp,Professional Services,102,10311,,15,2024-08-09T00:00:00
58,Acme Group,Transportation,1274,46548,EMEA,12,2022-03-13T00:00:00
59,Horizon Labs,Retail,1379,214909,EMEA,3,2024-01-09T00:00:00
60,Elevate Corp,Education,1429,195278,LATAM,6,2024-10-24T00:00:00
61,Synergy Platforms,Transportation,145,34619,LATAM,16,2024-02-08T00:00:00
62,Horizon Holdings,Professional Services,18,8171,EMEA,15,2024-01-24T00:00:00
63,Quantum Dynamics,Media & Entertainment,21,32327,North America,7,2021-10-12T00:00:00
64,Pinnacle Analytics,Financial Services,338,224566,EMEA,12,2023-11-10T00:00:00
65,Horizon Inc,Financial Services,491,101038,,11,2021-01-25T00:00:00
66,Velocity Software,Telecommunications,44548,1802991,APAC,3,2022-04-16T00:00:00
67,Catalyst Corp,Technology,167,10078,APAC,4,2022-04-22T00:00:00
68,Global Partners,,20390,1012075,North America,11,2020-01-04T00:00:00
69,Fusion Services,Professional Services,99,28121,EMEA,16,2024-11-23T00:00:00
70,Velocity Digital,Telecommunications,144,27163,LATAM,4,2023-02-25T00:00:00
71,Zenith Enterprises,Financial Services,188,29250,EMEA,16,2024-10-16T00:00:00
72,Horizon Solutions,Professional Services,145,3874,EMEA,11,2024-07-22T00:00:00
73,Vertex Software,Financial Services,87,35958,EMEA,9,2024-04-12T00:00:00
74,Pinnacle Platforms,Government,866,207673,North America,3,2022-10-20T00:00:00
75,Acme Systems,Technology,152,20757,LATAM,13,2022-07-23T00:00:00
76,Optima Solutions,Media & Entertainment,50,26647,LATAM,2,2024-01-14T00:00:00
77,Vanguard Services,Transportation,260,43713,,7,2020-10-17T00:00:00
78,Zenith Partners,Manufacturing,10552,1762878,North America,3,2022-06-20T00:00:00
79,Nexus Labs,Telecommunications,34396,1876172,North America,1,2023-07-12T00:00:00
80,Catalyst Digital,Technology,,32998,North America,7,2023-12-28T00:00:00
81,Acme Analytics,,1903,44917,APAC,2,2023-09-03T00:00:00
82,Pinnacle Systems,Government,356,201218,LATAM,11,2024-12-06T00:00:00
83,Zenith Networks,Media & Entertainment,31,30862,North America,15,2024-10-11T00:00:00
84,Synergy Platforms,Technology,67,24411,APAC,10,2020-10-22T00:00:00
85,Acme Systems,Transportation,937,83425,LATAM,8,2023-01-17T00:00:00
86,Quantum Labs,Telecommunications,33,10428,,6,2023-06-09T00:00:00
87,Elevate Holdings,Media & Entertainment,,48889,EMEA,13,2023-09-21T00:00:00
88,Elevate Inc,Government,159,38581,EMEA,15,2024-02-09T00:00:00
89,Quantum Systems,Manufacturing,113,7403,EMEA,3,2021-11-03T00:00:00
90,Vertex Solutions,Media & Entertainment,571,61890,EMEA,16,2024-11-13T00:00:00
91,Pinnacle Systems,Media & Entertainment,112,34709,North America,3,2022-12-01T00:00:00
92,Acme Labs,Media & Entertainment,176,26771,EMEA,8,2022-08-25T00:00:00
93,Fusion Holdings,Manufacturing,26,34898,,12,2021-02-13T00:00:00
94,Pacific Dynamics,Technology,362,242900,EMEA,11,2024-12-15T00:00:00
95,Vertex Networks,Education,99,42997,LATAM,7,2022-03-13T00:00:00
96,Atlas Technologies,Media & Entertainment,106,26820,LATAM,11,2022-04-19T00:00:00
97,Nova Labs,Retail,57,23899,North America,15,2024-04-28T00:00:00
98,Velocity Solutions,Media & Entertainment,56,4786,LATAM,4,2021-12-13T00:00:00
99,Fusion Digital,Retail,1120,154578,EMEA,8,2021-01-11T00:00:00
100,Apex Corp,Technology,183,9657,APAC,15,2024-10-28T00:00:00
101,Fusion Platforms,Retail,,171712,APAC,16,2024-02-27T00:00:00
102,Apex Inc,Financial Services,14206,437496,APAC,15,2024-04-04T00:00:00
103,Pacific Systems,Financial Services,34331,1536459,EMEA,13,2022-02-17T00:00:00
104,Optima Labs,Healthcare,115,942,APAC,1,2023-12-02T00:00:00
105,Fusion Partners,Retail,1204,120687,APAC,6,2024-09-03T00:00:00
106,Fusion Group,,1022,188904,North America,8,2022-04-20T00:00:00
107,Acme Platforms,,85,9256,APAC,7,2023-05-30T00:00:00
108,Acme Labs,Financial Services,1383,21743,APAC,5,2024-09-22T00:00:00
109,Nexus Dynamics,Professional Services,40126,916643,LATAM,14,2023-09-27T00:00:00
110,Catalyst Dynamics,Professional Services,164,28990,EMEA,6,2023-08-06T00:00:00
111,Pinnacle Partners,Education,1784,150114,APAC,11,2023-02-16T00:00:00
112,Catalyst Inc,Education,30,20814,EMEA,6,2023-07-26T00:00:00
113,Acme Services,Energy,18,21158,LATAM,5,2024-10-24T00:00:00
114,Nova Partners,Energy,115,24582,EMEA,8,2024-07-20T00:00:00
115,Pacific Inc,Manufacturing,920,37487,APAC,4,2020-04-08T00:00:00
116,Catalyst Platforms,Education,44,2116,APAC,13,2021-08-25T00:00:00
117,Elevate Digital,Professional Services,711,116900,LATAM,2,2020-02-19T00:00:00
118,Global Systems,Transportation,223,248799,North America,15,2024-04-14T00:00:00
119,Optima Partners,Education,165,27115,EMEA,10,2022-04-01T00:00:00
120,Summit Holdings,Manufacturing,42169,535740,APAC,4,2023-07-10T00:00:00
121,Summit Analytics,Professional Services,165,25131,LATAM,16,2024-01-05T00:00:00
122,Global Services,Manufacturing,68,11894,APAC,4,2023-04-07T00:00:00
123,Atlas Inc,Financial Services,991,126873,LATAM,10,2021-06-11T00:00:00
124,Vertex Holdings,Transportation,166,28469,North America,10,2024-02-24T00:00:00
125,Acme Platforms,Energy,1740,166428,North America,7,2021-08-26T00:00:00
126,Nexus Networks,Financial Services,1288,123794,LATAM,3,2024-06-01T00:00:00
127,Pinnacle Platforms,Professional Services,1785,118044,APAC,5,2023-10-30T00:00:00
128,Pinnacle Inc,Transportation,41,25609,APAC,5,2024-09-30T00:00:00
129,Atlas Technologies,Transportation,91,34712,EMEA,3,2020-01-31T00:00:00
130,Pinnacle Solutions,Technology,1025,242770,North America,9,2023-05-13T00:00:00
131,Pinnacle Holdings,Media & Entertainment,225,193221,EMEA,11,2024-03-16T00:00:00
132,Fusion Digital,Government,1558,95509,,12,2021-10-29T00:00:00
133,Synergy Enterprises,,141,19758,North America,10,2021-04-14T00:00:00
134,Nexus Dynamics,Transportation,63,9374,APAC,1,2021-03-12T00:00:00
135,Horizon Analytics,Government,1695,155249,EMEA,8,2022-08-09T00:00:00
136,Horizon Software,Financial Services,1181,155918,North America,7,2023-05-27T00:00:00
137,Catalyst Holdings,Professional Services,191,16997,LATAM,5,2022-03-22T00:00:00
138,Elevate Platforms,Financial Services,96,39592,EMEA,15,2024-03-22T00:00:00
139,Zenith Systems,Retail,1306,150913,APAC,3,2023-12-16T00:00:00
140,Velocity Enterprises,Transportation,1087,171625,APAC,5,2024-07-03T00:00:00
141,Acme Platforms,Energy,80,7981,LATAM,2,2024-04-09T00:00:00
142,Summit Digital,Manufacturing,62,466,LATAM,12,2021-12-05T00:00:00
143,Horizon Dynamics,Education,29791,1139700,APAC,3,2020-05-20T00:00:00
144,Apex Holdings,Professional Services,394,247009,APAC,14,2024-05-18T00:00:00
145,Nexus Platforms,Government,195,16297,EMEA,16,2024-07-23T00:00:00
146,Vanguard Platforms,Media & Entertainment,144,35249,LATAM,6,2024-08-01T00:00:00
147,Vanguard Group,Retail,169,27603,LATAM,9,2020-03-28T00:00:00
148,Fusion Technologies,Healthcare,159,27061,LATAM,12,2023-09-23T00:00:00
149,Quantum Labs,Healthcare,64,23461,LATAM,15,2024-12-23T00:00:00
150,Quantum Holdings,Technology,69,49074,APAC,16,2024-04-28T00:00:00
151,Atlas Group,Professional Services,1738,64917,LATAM,16,2024-09-13T00:00:00
152,Vertex Services,Telecommunications,85,4015,,9,2020-10-20T00:00:00
153,Acme Software,Education,1179,45259,EMEA,3,2024-06-26T00:00:00
154,Acme Inc,Media & Entertainment,332,117728,LATAM,3,2022-10-01T00:00:00
155,Horizon Dynamics,Manufacturing,53,40321,EMEA,14,2021-01-30T00:00:00
156,Summit Systems,Manufacturing,520,222234,North America,11,2020-01-12T00:00:00
157,Pacific Partners,Healthcare,77,14390,EMEA,8,2020-07-26T00:00:00
158,Pinnacle Holdings,Professional Services,99,24049,North America,14,2020-06-27T00:00:00
159,Horizon Systems,Professional Services,9319,167019,APAC,10,2023-07-13T00:00:00
160,Pacific Systems,,132,9782,LATAM,5,2021-09-24T00:00:00
161,Acme Holdings,Healthcare,1425,-176744,APAC,8,2024-03-10T00:00:00
162,Pinnacle Services,Media & Entertainment,125,39729,North America,6,2021-12-22T00:00:00
163,Nexus Inc,Transportation,824,76928,APAC,9,2023-06-26T00:00:00
164,Summit Group,Energy,18375,104818,EMEA,15,2024-09-25T00:00:00
165,Global Networks,Government,43,10342,North America,6,2021-06-02T00:00:00
166,Pinnacle Inc,Energy,152,20217,APAC,10,2020-06-09T00:00:00
167,Optima Platforms,Professional Services,180,37234,APAC,15,2024-12-29T00:00:00
168,Catalyst Platforms,Government,74,21946,LATAM,14,2023-04-30T00:00:00
169,Nexus Platforms,Education,,21071,North America,4,2020-02-02T00:00:00
170,Quantum Labs,Transportation,184,37569,LATAM,6,2021-12-06T00:00:00
171,Nexus Group,Professional Services,46456,381466,APAC,2,2020-07-09T00:00:00
172,Acme Networks,Government,1821,242030,APAC,9,2022-06-30T00:00:00
173,Global Systems,Government,346,24747,LATAM,1,2022-05-10T00:00:00
174,Nexus Services,Healthcare,17981,98388,EMEA,14,2020-10-23T00:00:00
175,Pinnacle Solutions,Professional Services,64,45524,APAC,6,2024-02-20T00:00:00
176,Quantum Partners,Technology,99,10438,,8,2023-09-30T00:00:00
177,Vertex Labs,Education,17524,257977,APAC,11,2021-03-29T00:00:00
178,Nova Dynamics,Manufacturing,107,-27597,APAC,7,2023-06-15T00:00:00
179,Quantum Dynamics,Healthcare,543,142540,North America,5,2020-03-02T00:00:00
180,Quantum Digital,Manufacturing,183,2645,North America,2,2024-08-30T00:00:00
181,Synergy Holdings,Education,,113866,LATAM,4,2020-09-14T00:00:00
182,Catalyst Solutions,Government,141,8612,EMEA,2,2023-05-26T00:00:00
183,Global Solutions,Energy,,112156,APAC,5,2024-07-22T00:00:00
184,Fusion Holdings,Education,11585,679698,LATAM,3,2022-07-07T00:00:00
185,Synergy Software,Energy,,972223,EMEA,4,2024-01-25T00:00:00
186,Acme Inc,Transportation,685,216667,North America,14,2023-04-06T00:00:00
187,Atlas Platforms,Manufacturing,155,46082,APAC,6,2021-12-09T00:00:00
188,Apex Dynamics,Transportation,164,37991,LATAM,1,2020-11-20T00:00:00
189,Quantum Analytics,Technology,50,38376,North America,16,2024-06-19T00:00:00
190,Pinnacle Digital,Transportation,1008,148047,North America,11,2020-12-09T00:00:00
191,Nova Group,Media & Entertainment,412,142468,,12,2020-01-27T00:00:00
192,Apex Services,Education,587,85963,LATAM,6,2024-10-11T00:00:00
193,Quantum Corp,Healthcare,42138,1156511,North America,3,2024-05-01T00:00:00
194,Vanguard Services,Retail,1372,65241,North America,15,2024-06-16T00:00:00
195,Zenith Holdings,Education,816,248265,LATAM,16,2024-03-27T00:00:00
196,Pacific Enterprises,Healthcare,15079,604001,EMEA,14,2022-06-28T00:00:00
197,Fusion Labs,Healthcare,217,42951,EMEA,7,2023-10-22T00:00:00
198,Catalyst Inc,Healthcare,299,238865,North America,16,2024-11-30T00:00:00
199,Velocity Group,Financial Services,39877,1425637,LATAM,12,2021-11-18T00:00:00
200,Summit Partners,Healthcare,19,6721,North America,1,2020-11-29T00:00:00
201,Global Dynamics,Energy,397,62150,LATAM,1,2020-07-20T00:00:00
202,Apex Digital,Retail,40590,612516,EMEA,1,2022-03-02T00:00:00
203,Zenith Networks,Manufacturing,474,103502,LATAM,6,2024-06-14T00:00:00
204,Elevate Analytics,Transportation,89,38443,LATAM,14,2020-10-20T00:00:00
205,Fusion Dynamics,Media & Entertainment,97,14605,EMEA,12,2021-02-11T00:00:00
206,Synergy Digital,Government,402,209049,APAC,12,2021-01-26T00:00:00
207,Pinnacle Networks,Manufacturing,662,182898,APAC,1,2022-10-12T00:00:00
208,Vertex Enterprises,Manufacturing,79,42229,APAC,10,2024-08-31T00:00:00
209,Apex Services,Government,35425,663395,LATAM,9,2024-02-04T00:00:00
210,Synergy Holdings,Telecommunications,196,23894,EMEA,9,2023-11-28T00:00:00
211,Quantum Networks,Telecommunications,118,15619,LATAM,2,2024-06-28T00:00:00
212,Nexus Partners,Media & Entertainment,175,24851,APAC,16,2024-05-27T00:00:00
213,Fusion Analytics,Retail,1544,126270,EMEA,4,2020-06-13T00:00:00
214,Pacific Partners,Media & Entertainment,,29163,EMEA,14,2020-08-15T00:00:00
215,Acme Solutions,Healthcare,1063,34949,North America,14,2023-03-06T00:00:00
216,Acme Enterprises,Manufacturing,78,4102,North America,10,2020-01-26T00:00:00
217,Quantum Technologies,Energy,,588537,APAC,3,2023-12-25T00:00:00
218,Fusion Holdings,Media & Entertainment,1755,177121,EMEA,11,2021-10-08T00:00:00
219,Synergy Labs,Transportation,9870,1845515,APAC,6,2021-08-18T00:00:00
220,Horizon Partners,,1320,28628,EMEA,9,2021-01-14T00:00:00
221,Vertex Networks,Retail,1278,16808,APAC,16,2024-04-07T00:00:00
222,Pinnacle Corp,Professional Services,1199,150131,LATAM,8,2020-11-08T00:00:00
223,Catalyst Software,Professional Services,1056,67795,LATAM,6,2024-03-12T00:00:00
224,Fusion Digital,Retail,967,97465,APAC,1,2021-12-28T00:00:00
225,Optima Systems,Education,511,128893,LATAM,6,2023-10-11T00:00:00
226,Nova Corp,Professional Services,1440,32954,LATAM,13,2021-03-20T00:00:00
227,Catalyst Networks,Education,1965,22514,APAC,6,2021-05-24T00:00:00
228,Summit Services,Transportation,122,50,EMEA,12,2022-10-22T00:00:00
229,Nova Enterprises,Retail,29015,981572,EMEA,14,2022-01-03T00:00:00
230,Summit Systems,Energy,178,41772,North America,15,2024-06-23T00:00:00
231,Global Corp,Energy,2951,789667,North America,7,2024-09-10T00:00:00
232,Global Enterprises,Government,95,7100,LATAM,15,2024-12-03T00:00:00
233,Optima Networks,Education,,128727,EMEA,14,2023-02-13T00:00:00
234,Elevate Platforms,Professional Services,979,147258,LATAM,11,2021-04-06T00:00:00
235,Synergy Networks,Technology,942,74600,APAC,3,2022-02-05T00:00:00
236,Apex Software,Professional Services,141,40199,,9,2020-06-12T00:00:00
237,Elevate Corp,Transportation,13,26479,LATAM,9,2024-01-22T00:00:00
238,Fusion Group,Technology,33760,557817,LATAM,6,2020-12-03T00:00:00
239,Catalyst Analytics,Government,,21799,North America,11,2024-07-10T00:00:00
240,Optima Digital,Manufacturing,37,9939,LATAM,10,2023-01-04T00:00:00
241,Nexus Dynamics,Energy,18782,680780,LATAM,4,2023-10-07T00:00:00
242,Vanguard Corp,Media & Entertainment,35,3363,LATAM,13,2024-05-26T00:00:00
243,Zenith Digital,Technology,,27628,EMEA,4,2023-08-10T00:00:00
244,Vertex Inc,Transportation,40,43321,EMEA,10,2021-12-19T00:00:00
245,Global Labs,Telecommunications,164,26934,LATAM,11,2023-11-05T00:00:00
246,Fusion Labs,Financial Services,12319,1005940,North America,2,2022-05-26T00:00:00
247,Quantum Holdings,Energy,1023,-118632,EMEA,16,2024-08-03T00:00:00
248,Horizon Digital,Energy,368,102079,LATAM,10,2024-01-23T00:00:00
249,Acme Digital,Transportation,,1464,APAC,14,2023-02-15T00:00:00
250,Pinnacle Services,Government,154,1051,North America,9,2024-04-27T00:00:00
251,Nexus Enterprises,Transportation,1399,84560,North America,15,2024-09-26T00:00:00
252,Optima Solutions,Government,66,22711,North America,10,2021-05-07T00:00:00
253,Zenith Corp,Retail,86,4746,LATAM,12,2023-01-17T00:00:00
254,Nexus Platforms,Government,1588,16676,,12,2022-06-27T00:00:00
255,Pacific Labs,Professional Services,40640,262371,EMEA,1,2024-09-14T00:00:00
256,Summit Solutions,Media & Entertainment,89,47696,APAC,15,2024-02-02T00:00:00
257,Synergy Labs,Healthcare,1224,186707,North America,6,2020-10-07T00:00:00
258,Atlas Services,Retail,559,124169,APAC,2,2021-01-17T00:00:00
259,Optima Services,Telecommunications,100,44800,North America,14,2024-08-24T00:00:00
260,Nova Services,Government,65,29112,North America,12,2022-02-11T00:00:00
261,Summit Partners,Telecommunications,61,13239,,9,2024-05-02T00:00:00
262,Zenith Group,Technology,198,34907,North America,5,2020-04-15T00:00:00
263,Nexus Inc,Financial Services,147,27305,North America,11,2020-12-26T00:00:00
264,Global Holdings,Energy,478,226883,APAC,3,2020-11-25T00:00:00
265,Pacific Solutions,Energy,57,18057,North America,14,2024-05-23T00:00:00
266,Summit Enterprises,Government,1463,80025,EMEA,1,2022-09-23T00:00:00
267,Quantum Analytics,Energy,90,4777,North America,4,2023-06-04T00:00:00
268,Catalyst Labs,Professional Services,1506,137921,North America,9,2022-12-23T00:00:00
269,Optima Digital,,124,18158,APAC,3,2024-01-02T00:00:00
270,Horizon Platforms,Manufacturing,289,35396,LATAM,10,2022-10-24T00:00:00
271,Global Labs,Retail,52,25332,EMEA,10,2021-02-23T00:00:00
272,Catalyst Software,Energy,80,-16450,EMEA,1,2022-04-07T00:00:00
273,Synergy Technologies,Education,1457,217606,EMEA,15,2024-02-11T00:00:00
274,Optima Dynamics,Media & Entertainment,5280,997057,EMEA,14,2020-01-28T00:00:00
275,Acme Inc,Professional Services,34792,105821,LATAM,10,2022-06-01T00:00:00
276,Nova Partners,Healthcare,1755,-221919,LATAM,2,2024-10-26T00:00:00
277,Vanguard Digital,Government,172,40657,EMEA,12,2021-05-18T00:00:00
278,Vanguard Technologies,Energy,176,33761,APAC,2,2024-02-26T00:00:00
279,Summit Solutions,Professional Services,46,13329,APAC,8,2023-04-25T00:00:00
280,Acme Platforms,Retail,1778,17248,EMEA,8,2021-12-11T00:00:00
281,Horizon Systems,Education,95,-24757,EMEA,7,2024-07-02T00:00:00
282,Global Networks,Energy,68,46740,EMEA,15,2024-08-13T00:00:00
283,Global Analytics,Financial Services,1027,244696,APAC,3,2020-03-22T00:00:00
284,Nova Labs,Financial Services,48,11165,EMEA,15,2024-09-09T00:00:00
285,Catalyst Enterprises,Media & Entertainment,92,25652,North America,4,2021-04-12T00:00:00
286,Vanguard Inc,Technology,196,49557,North America,14,2024-03-04T00:00:00
287,Global Solutions,Education,,29821,EMEA,13,2020-09-01T00:00:00
288,Quantum Enterprises,Education,98,40103,LATAM,10,2023-11-26T00:00:00
289,Nova Dynamics,,1253,140956,North America,14,2021-03-30T00:00:00
290,Vertex Partners,Energy,44,37742,EMEA,12,2023-06-05T00:00:00
291,Summit Enterprises,Energy,50,43095,LATAM,10,2023-01-23T00:00:00
292,Velocity Analytics,Education,1923,14942,EMEA,10,2020-10-15T00:00:00
293,Zenith Digital,Technology,24,26134,EMEA,10,2021-04-07T00:00:00
294,Horizon Digital,Media & Entertainment,1638,32407,LATAM,14,2024-03-14T00:00:00
295,Pacific Technologies,Healthcare,144,20921,LATAM,3,2021-10-07T00:00:00
296,Vertex Corp,Media & Entertainment,708,160990,North America,1,2021-03-14T00:00:00
297,Horizon Group,Transportation,210,182879,North America,6,2023-05-18T00:00:00
298,Summit Technologies,Healthcare,1080,53626,EMEA,16,2024-12-18T00:00:00
299,Catalyst Solutions,Professional Services,5002,920832,APAC,3,2022-11-04T00:00:00
300,Vanguard Services,Education,,4108,North America,10,2023-08-08T00:00:00
301,Horizon Partners,Telecommunications,490,90333,LATAM,12,2022-10-02T00:00:00
302,Atlas Partners,Education,624,89481,APAC,12,2023-05-30T00:00:00
303,Vanguard Enterprises,Government,147,25608,North America,11,2021-03-25T00:00:00
304,Horizon Systems,Healthcare,25,47748,EMEA,15,2024-09-15T00:00:00
305,Pacific Dynamics,Government,1342,27854,APAC,2,2024-01-31T00:00:00
306,Synergy Corp,Technology,125,49470,LATAM,11,2020-01-30T00:00:00
307,Summit Partners,Media & Entertainment,196,26371,APAC,10,2022-01-14T00:00:00
308,Apex Enterprises,Government,110,47708,EMEA,11,2023-06-23T00:00:00
309,Quantum Inc,Financial Services,,30886,LATAM,3,2020-08-01T00:00:00
310,Optima Systems,Technology,19995,1663081,LATAM,13,2022-09-26T00:00:00
311,Vertex Analytics,Professional Services,157,23868,LATAM,14,2022-05-18T00:00:00
312,Fusion Networks,Transportation,1362,133837,EMEA,13,2023-12-26T00:00:00
313,Global Solutions,Healthcare,233,25868,LATAM,6,2024-07-24T00:00:00
314,Summit Technologies,Technology,,561938,LATAM,16,2024-12-22T00:00:00
315,Vanguard Platforms,Government,546,92228,EMEA,2,2020-06-05T00:00:00
316,Fusion Enterprises,Media & Entertainment,1295,132732,North America,2,2023-06-30T00:00:00
317,Vertex Systems,Transportation,161,11353,LATAM,13,2021-03-30T00:00:00
318,Summit Labs,Transportation,1260,245644,EMEA,6,2022-10-12T00:00:00
319,Acme Partners,Retail,600,67566,North America,16,2024-12-20T00:00:00
320,Synergy Solutions,Media & Entertainment,23179,1620362,North America,4,2021-12-12T00:00:00
321,Horizon Labs,Media & Entertainment,451,132799,North America,9,2023-12-03T00:00:00
322,Velocity Digital,Healthcare,33316,1322586,LATAM,3,2023-04-18T00:00:00
323,Zenith Partners,Retail,10124,396105,APAC,16,2024-11-28T00:00:00
324,Catalyst Labs,Technology,19,4149,LATAM,12,2021-07-27T00:00:00
325,Pacific Corp,Education,84,5809,North America,6,2023-09-22T00:00:00
326,Atlas Networks,Healthcare,1478,162055,APAC,4,2020-11-16T00:00:00
327,Horizon Inc,Energy,965,50823,APAC,11,2020-06-21T00:00:00
328,Nexus Dynamics,Retail,1058,123819,APAC,11,2021-06-12T00:00:00
329,Horizon Digital,Media & Entertainment,11235,1835149,LATAM,1,2023-08-19T00:00:00
330,Vertex Partners,Government,47063,1904837,APAC,5,2021-03-09T00:00:00
331,Vertex Services,Manufacturing,1667,198743,EMEA,12,2021-07-02T00:00:00
332,Apex Labs,Professional Services,53,9125,EMEA,15,2024-08-17T00:00:00
333,Apex Networks,Transportation,686,57550,LATAM,6,2023-05-23T00:00:00
334,Summit Labs,,43,2464,North America,11,2024-12-04T00:00:00
335,Pacific Digital,Education,1781,49219,APAC,2,2024-03-24T00:00:00
336,Horizon Technologies,Telecommunications,1098,93569,LATAM,2,2021-04-16T00:00:00
337,Optima Analytics,Retail,1733,40892,North America,5,2022-04-12T00:00:00
338,Elevate Services,Energy,739,201202,LATAM,16,2024-07-14T00:00:00
339,Acme Solutions,Media & Entertainment,43,28198,LATAM,9,2024-10-21T00:00:00
340,Velocity Networks,Professional Services,15,39279,North America,9,2022-09-02T00:00:00
341,Elevate Digital,Education,1668,125478,APAC,14,2020-08-30T00:00:00
342,Optima Group,Telecommunications,1868,163850,North America,4,2022-02-09T00:00:00
343,Velocity Networks,Professional Services,151,44166,North America,1,2024-04-03T00:00:00
344,Optima Corp,Manufacturing,131,35579,APAC,10,2021-09-13T00:00:00
345,Nova Analytics,Healthcare,49,21947,LATAM,9,2023-11-11T00:00:00
346,Vertex Technologies,Government,727,216648,EMEA,2,2020-03-03T00:00:00
347,Optima Group,Telecommunications,62,6362,LATAM,3,2024-06-09T00:00:00
348,Vanguard Solutions,Financial Services,24,3580,North America,11,2024-11-08T00:00:00
349,Pacific Group,Telecommunications,89,41995,LATAM,5,2024-09-27T00:00:00
350,Atlas Group,Professional Services,219,224605,North America,1,2024-10-03T00:00:00
351,Velocity Labs,Professional Services,1003,36329,LATAM,11,2021-12-19T00:00:00
352,Fusion Holdings,Technology,10222,710039,EMEA,15,2024-07-06T00:00:00
353,Zenith Corp,Technology,108,26099,LATAM,12,2020-02-27T00:00:00
354,Velocity Dynamics,Telecommunications,13,41347,,11,2023-04-21T00:00:00
355,Zenith Holdings,Healthcare,165,15228,APAC,8,2020-11-08T00:00:00
356,Nova Software,Transportation,10771,515334,APAC,1,2020-04-27T00:00:00
357,Vertex Dynamics,Transportation,39,6600,APAC,7,2021-09-14T00:00:00
358,Vertex Services,Telecommunications,582,120794,North America,14,2021-12-28T00:00:00
359,Pinnacle Corp,Government,336,30366,APAC,7,2022-02-13T00:00:00
360,Quantum Solutions,Government,707,65854,APAC,5,2024-03-15T00:00:00
361,Velocity Inc,Telecommunications,151,33300,APAC,5,2021-09-06T00:00:00
362,Pacific Labs,,,54248,APAC,11,2024-02-28T00:00:00
363,Nexus Labs,Healthcare,88,18584,North America,5,2020-04-23T00:00:00
364,Optima Solutions,Media & Entertainment,23,44708,APAC,14,2024-03-20T00:00:00
365,Acme Solutions,Education,21052,1746629,LATAM,5,2024-10-29T00:00:00
366,Acme Enterprises,Manufacturing,37998,1764264,EMEA,3,2021-11-14T00:00:00
367,Synergy Systems,Telecommunications,112,23007,APAC,7,2022-01-04T00:00:00
368,Zenith Dynamics,Retail,1382,56785,EMEA,11,2022-12-08T00:00:00
369,Pacific Solutions,Energy,73,1317,APAC,2,2024-05-13T00:00:00
370,Summit Software,Financial Services,192,35011,EMEA,15,2024-12-04T00:00:00
371,Fusion Systems,Energy,65,3674,APAC,8,2020-05-25T00:00:00
372,Pinnacle Group,Telecommunications,,240422,APAC,3,2023-01-21T00:00:00
373,Nexus Networks,Manufacturing,22,31035,APAC,10,2021-03-21T00:00:00
374,Pinnacle Enterprises,Energy,174,10194,North America,2,2022-03-25T00:00:00
375,Pinnacle Labs,Retail,1530,34428,North America,8,2020-06-16T00:00:00
376,Quantum Group,,188,46330,North America,13,2024-06-25T00:00:00
377,Atlas Systems,Telecommunications,803,241279,North America,1,2023-06-08T00:00:00
378,Vanguard Networks,Media & Entertainment,16990,1168883,APAC,13,2020-01-26T00:00:00
379,Synergy Systems,Telecommunications,937,137635,North America,14,2024-01-05T00:00:00
380,Pinnacle Labs,Professional Services,341,72093,LATAM,2,2021-09-18T00:00:00
381,Nexus Digital,Professional Services,131,42187,APAC,4,2024-05-21T00:00:00
382,Vanguard Services,Government,46,47373,APAC,15,2024-09-21T00:00:00
383,Summit Solutions,,153,35906,APAC,5,2022-11-30T00:00:00
384,Vanguard Digital,Transportation,,4792,LATAM,12,2024-02-29T00:00:00
385,Nexus Systems,Professional Services,44,27511,North America,13,2022-02-02T00:00:00
386,Nexus Solutions,Government,52,8782,LATAM,6,2021-12-20T00:00:00
387,Fusion Systems,Technology,10,38871,EMEA,4,2020-04-25T00:00:00
388,Catalyst Analytics,Telecommunications,1825,214422,EMEA,3,2023-08-09T00:00:00
389,Horizon Technologies,Government,912,55387,EMEA,13,2023-02-24T00:00:00
390,Pinnacle Solutions,Telecommunications,180,35178,EMEA,13,2021-06-07T00:00:00
391,Global Software,Manufacturing,111,6823,North America,11,2024-02-29T00:00:00
392,Fusion Digital,Financial Services,41709,430178,EMEA,14,2021-04-04T00:00:00
393,Vertex Holdings,Professional Services,430,14990,APAC,6,2021-01-22T00:00:00
394,Optima Enterprises,Healthcare,,4453,North America,8,2021-04-26T00:00:00
395,Nexus Networks,Energy,1126,72242,APAC,5,2020-01-09T00:00:00
396,Pinnacle Corp,Professional Services,39,3360,EMEA,7,2022-08-12T00:00:00
397,Horizon Inc,Technology,196,22686,EMEA,10,2021-02-11T00:00:00
398,Velocity Dynamics,Financial Services,853,180914,EMEA,3,2023-11-29T00:00:00
399,Nexus Corp,Transportation,189,49342,North America,3,2024-06-02T00:00:00
400,Fusion Solutions,Telecommunications,102,395,EMEA,4,2024-06-07T00:00:00
401,Global Platforms,Energy,1328,52116,APAC,5,2023-08-20T00:00:00
402,Global Holdings,Energy,29,2895,LATAM,15,2024-01-06T00:00:00
403,Acme Analytics,,194,26027,APAC,1,2020-09-27T00:00:00
404,Catalyst Technologies,Energy,1979,144303,EMEA,4,2024-04-08T00:00:00
405,Global Networks,Education,73,45907,APAC,3,2024-11-08T00:00:00
406,Global Digital,Education,46,4792,APAC,9,2020-07-22T00:00:00
407,Vertex Services,Healthcare,51,45582,North America,16,2024-10-14T00:00:00
408,Acme Technologies,,,26705,APAC,8,2024-12-04T00:00:00
409,Velocity Platforms,Media & Entertainment,1263,139937,LATAM,10,2021-06-18T00:00:00
410,Summit Analytics,Manufacturing,187,45594,North America,9,2023-05-03T00:00:00
411,Vertex Labs,Education,271,154604,EMEA,12,2023-10-13T00:00:00
412,Elevate Analytics,Media & Entertainment,763,16459,North America,7,2023-04-17T00:00:00
413,Pacific Labs,Transportation,45445,1209696,APAC,3,2024-04-26T00:00:00
414,Velocity Systems,Retail,18192,1085469,EMEA,13,2020-01-05T00:00:00
415,Elevate Analytics,Telecommunications,119,27666,,7,2024-08-23T00:00:00
416,Vertex Enterprises,Professional Services,31,5211,North America,13,2022-05-17T00:00:00
417,Vanguard Enterprises,Financial Services,32215,1698528,LATAM,12,2021-05-30T00:00:00
418,Fusion Systems,Education,20,44607,EMEA,12,2020-02-11T00:00:00
419,Fusion Platforms,Media & Entertainment,,217559,EMEA,8,2022-10-16T00:00:00
420,Nexus Systems,,,46925,APAC,11,2022-02-20T00:00:00
421,Fusion Inc,Government,195,49231,LATAM,12,2020-04-21T00:00:00
422,Catalyst Software,Financial Services,34,12554,APAC,12,2023-03-05T00:00:00
423,Quantum Platforms,Transportation,29,49815,North America,1,2022-10-14T00:00:00
424,Velocity Partners,Media & Entertainment,46,30135,LATAM,11,2022-03-15T00:00:00
425,Pinnacle Partners,Education,168,42632,North America,7,2023-08-27T00:00:00
426,Nexus Group,Telecommunications,1154,150496,North America,6,2021-03-12T00:00:00
427,Atlas Labs,Technology,37281,1639164,North America,8,2023-07-13T00:00:00
428,Nova Analytics,Media & Entertainment,734,166266,EMEA,8,2022-11-26T00:00:00
429,Atlas Enterprises,Media & Entertainment,44719,1445267,EMEA,7,2022-10-21T00:00:00
430,Atlas Networks,Government,177,18627,LATAM,4,2024-11-04T00:00:00
431,Atlas Digital,Media & Entertainment,68,6444,APAC,13,2024-11-27T00:00:00
432,Pinnacle Corp,Financial Services,78,47146,LATAM,8,2023-12-29T00:00:00
433,Nexus Software,Energy,52,10066,LATAM,1,2021-09-17T00:00:00
434,Summit Networks,Transportation,1115,189433,North America,13,2021-03-09T00:00:00
435,Nexus Technologies,Retail,654,59992,EMEA,3,2022-05-20T00:00:00
436,Nova Inc,Media & Entertainment,26660,584179,APAC,1,2021-09-19T00:00:00
437,Velocity Holdings,Manufacturing,188,11019,APAC,15,2024-09-13T00:00:00
438,Pinnacle Technologies,Professional Services,1960,31473,APAC,5,2021-08-21T00:00:00
439,Nexus Networks,Media & Entertainment,104,36535,EMEA,16,2024-03-05T00:00:00
440,Acme Systems,Media & Entertainment,42656,1382057,APAC,1,2024-12-15T00:00:00
441,Nexus Enterprises,Government,524,137978,APAC,11,2023-03-16T00:00:00
442,Fusion Digital,Telecommunications,,33170,EMEA,1,2020-09-12T00:00:00
443,Zenith Analytics,Government,150,7775,APAC,5,2024-03-23T00:00:00
444,Elevate Partners,Education,44,20291,EMEA,7,2023-04-07T00:00:00
445,Fusion Enterprises,Energy,1560,157928,LATAM,5,2024-12-23T00:00:00
446,Summit Networks,Retail,36,28579,EMEA,14,2022-01-03T00:00:00
447,Apex Solutions,Energy,12,952,APAC,13,2020-01-14T00:00:00
448,Quantum Group,Energy,937,85878,APAC,11,2024-02-15T00:00:00
449,Fusion Systems,Retail,53,16819,LATAM,13,2021-12-17T00:00:00
450,Summit Digital,Financial Services,38,48456,EMEA,7,2022-10-20T00:00:00
451,Nova Digital,Retail,17949,1149517,APAC,11,2024-01-01T00:00:00
452,Vertex Analytics,Retail,1300,30712,APAC,2,2021-03-18T00:00:00
453,Nexus Holdings,Energy,1907,182056,APAC,8,2020-08-22T00:00:00
454,Quantum Software,Retail,169,44261,LATAM,11,2020-06-23T00:00:00
455,Catalyst Services,Financial Services,183,45018,North America,1,2022-10-22T00:00:00
456,Vertex Platforms,Media & Entertainment,135,43186,APAC,5,2024-12-20T00:00:00
457,Nexus Enterprises,Retail,159,321,EMEA,13,2021-07-19T00:00:00
458,Optima Group,Financial Services,26,4379,EMEA,16,2024-11-24T00:00:00
459,Velocity Dynamics,Retail,62,31296,APAC,5,2021-01-31T00:00:00
460,Pacific Holdings,Retail,212,65857,APAC,10,2024-07-15T00:00:00
461,Atlas Software,Education,34575,1540434,LATAM,14,2021-10-07T00:00:00
462,Horizon Enterprises,Telecommunications,852,200306,APAC,11,2024-01-04T00:00:00
463,Global Partners,Transportation,732,144911,APAC,14,2020-06-27T00:00:00
464,Summit Networks,Financial Services,42,414,APAC,7,2022-12-24T00:00:00
465,Pacific Corp,Energy,1695,195096,APAC,16,2024-10-20T00:00:00
466,Summit Analytics,Manufacturing,1822,18174,LATAM,15,2024-04-16T00:00:00
467,Vanguard Partners,Healthcare,1942,218920,LATAM,11,2022-05-13T00:00:00
468,Vertex Solutions,Healthcare,30540,529753,EMEA,3,2023-12-02T00:00:00
469,Pacific Software,Energy,72,6217,North America,16,2024-10-14T00:00:00
470,Acme Networks,Media & Entertainment,28361,1826399,APAC,1,2023-04-16T00:00:00
471,Vertex Enterprises,Financial Services,33,12735,North America,2,2020-12-28T00:00:00
472,Vanguard Holdings,Technology,112,18974,LATAM,2,2022-10-30T00:00:00
473,Apex Solutions,Financial Services,11,-16908,LATAM,7,2023-09-12T00:00:00
474,Catalyst Inc,Energy,43,49791,APAC,13,2023-05-25T00:00:00
475,Acme Digital,Healthcare,83,36241,LATAM,3,2024-02-14T00:00:00
476,Horizon Dynamics,Transportation,174,8651,APAC,15,2024-10-20T00:00:00
477,Summit Software,Retail,49,11041,APAC,13,2021-03-29T00:00:00
478,Elevate Corp,Financial Services,,70740,North America,6,2021-05-29T00:00:00
479,Global Analytics,Government,134,10075,North America,9,2023-07-25T00:00:00
480,Acme Solutions,Retail,1839,85771,LATAM,6,2022-06-11T00:00:00
481,Fusion Corp,Education,37050,1853295,APAC,15,2024-01-23T00:00:00
482,Pacific Analytics,Technology,1466,72619,North America,13,2023-09-22T00:00:00
483,Acme Dynamics,Retail,77,15428,LATAM,1,2022-04-21T00:00:00
484,Acme Technologies,Financial Services,,26055,LATAM,11,2020-09-01T00:00:00
485,Apex Dynamics,Technology,98,28970,LATAM,9,2024-11-23T00:00:00
486,Zenith Platforms,Financial Services,10871,413596,LATAM,2,2022-06-06T00:00:00
487,Zenith Corp,Manufacturing,34,4324,North America,14,2024-12-13T00:00:00
488,Nexus Technologies,Retail,1072,63663,North America,12,2020-12-15T00:00:00
489,Pinnacle Services,Healthcare,32,4451,APAC,13,2021-06-28T00:00:00
490,Elevate Networks,Financial Services,294,55129,LATAM,7,2021-02-20T00:00:00
491,Velocity Solutions,Professional Services,44,10576,APAC,11,2023-10-20T00:00:00
492,Synergy Services,Transportation,12,10096,,8,2020-06-03T00:00:00
493,Optima Services,Professional Services,1763,234085,EMEA,15,2024-11-29T00:00:00
494,Synergy Platforms,,162,22822,North America,12,2020-02-29T00:00:00
495,Nexus Solutions,Technology,76,1449,North America,16,2024-01-03T00:00:00
496,Global Analytics,Manufacturing,154,15248,North America,11,2020-12-07T00:00:00
497,Vertex Services,Energy,188,18305,LATAM,11,2024-05-03T00:00:00
498,Catalyst Labs,Retail,47,49437,North America,8,2022-07-17T00:00:00
499,Nova Technologies,Retail,176,48496,North America,6,2023-06-28T00:00:00
500,Vanguard Platforms,Manufacturing,400,183409,LATAM,15,2024-11-03T00:00:00
501,Vertex Networks,Energy,175,35434,North America,6,2022-07-06T00:00:00
502,Elevate Services,Manufacturing,743,201230,North America,14,2021-04-24T00:00:00
503,Pacific Platforms,Healthcare,1208,13395,North America,8,2020-02-24T00:00:00
504,Acme Holdings,Education,25,2762,LATAM,11,2022-01-14T00:00:00
505,Zenith Software,Professional Services,177,37538,LATAM,8,2022-06-07T00:00:00
506,Pinnacle Holdings,Education,153,47993,EMEA,7,2024-11-23T00:00:00
507,Elevate Networks,Professional Services,160,2856,APAC,9,2020-08-21T00:00:00
508,Atlas Software,Energy,126,49044,EMEA,8,2023-12-28T00:00:00
509,Elevate Group,Financial Services,52,19766,North America,16,2024-09-05T00:00:00
510,Horizon Software,Education,170,44858,LATAM,16,2024-02-05T00:00:00
511,Nexus Analytics,Telecommunications,109,40349,North America,16,2024-09-02T00:00:00
512,Global Holdings,Government,198,36579,APAC,6,2021-02-15T00:00:00
513,Nova Software,Manufacturing,22852,1325480,LATAM,8,2020-01-02T00:00:00
514,Vertex Platforms,Energy,158,21981,LATAM,6,2023-11-08T00:00:00
515,Vertex Software,Media & Entertainment,1314,148461,EMEA,4,2021-10-06T00:00:00
516,Elevate Solutions,Retail,95,6698,EMEA,14,2022-12-07T00:00:00
517,Zenith Enterprises,Manufacturing,1479,242683,North America,3,2020-12-03T00:00:00
518,Velocity Solutions,Transportation,183,17188,LATAM,10,2023-01-18T00:00:00
519,Summit Corp,Transportation,650,135721,North America,3,2022-11-09T00:00:00
520,Summit Analytics,Retail,1805,89839,EMEA,12,2024-03-27T00:00:00
521,Vanguard Systems,Transportation,131,36422,APAC,9,2023-12-24T00:00:00
522,Optima Platforms,Manufacturing,40,31678,EMEA,10,2021-11-21T00:00:00
523,Vertex Dynamics,Financial Services,112,38451,,9,2022-05-01T00:00:00
524,Vertex Dynamics,Retail,141,25273,EMEA,10,2022-07-20T00:00:00
525,Catalyst Holdings,Government,964,246552,APAC,13,2023-04-03T00:00:00
526,Global Inc,Healthcare,59,29276,APAC,9,2020-02-27T00:00:00
527,Atlas Systems,Energy,1483,243514,APAC,9,2022-02-09T00:00:00
528,Zenith Partners,Healthcare,21924,858516,EMEA,16,2024-08-25T00:00:00
529,Nexus Platforms,Financial Services,1802,126793,EMEA,4,2020-07-08T00:00:00
530,Horizon Platforms,Transportation,944,147782,APAC,8,2021-12-31T00:00:00
531,Atlas Services,Retail,967,210791,APAC,12,2024-06-02T00:00:00
532,Catalyst Systems,Telecommunications,260,59002,LATAM,8,2021-10-02T00:00:00
533,Fusion Networks,Healthcare,1853,117228,North America,12,2021-05-01T00:00:00
534,Horizon Labs,Manufacturing,1464,86188,North America,7,2023-09-29T00:00:00
535,Elevate Labs,Healthcare,135,8086,APAC,11,2023-07-03T00:00:00
536,Horizon Solutions,Financial Services,34544,1415228,APAC,11,2022-01-08T00:00:00
537,Summit Analytics,Media & Entertainment,125,36619,EMEA,12,2022-07-13T00:00:00
538,Catalyst Group,Retail,63,47477,APAC,6,2023-05-08T00:00:00
539,Summit Systems,Government,1340,57220,APAC,13,2020-02-14T00:00:00
540,Pinnacle Holdings,Professional Services,187,19757,LATAM,5,2023-03-24T00:00:00
541,Zenith Inc,Professional Services,487,28933,EMEA,3,2024-05-17T00:00:00
542,Apex Networks,Healthcare,96,6325,APAC,1,2022-12-10T00:00:00
543,Nova Enterprises,Transportation,25678,1177258,EMEA,5,2023-01-24T00:00:00
544,Horizon Platforms,Telecommunications,1357,188138,LATAM,15,2024-03-01T00:00:00
545,Pinnacle Technologies,Financial Services,1186,203844,APAC,6,2022-09-24T00:00:00
546,Velocity Inc,Media & Entertainment,23900,176255,LATAM,7,2020-12-31T00:00:00
547,Vertex Software,Financial Services,1576,199409,North America,14,2024-10-05T00:00:00
548,Quantum Holdings,Healthcare,138,17135,North America,10,2022-07-15T00:00:00
549,Velocity Platforms,Media & Entertainment,80,213,APAC,6,2022-12-25T00:00:00
550,Apex Services,Manufacturing,839,68776,APAC,16,2024-08-01T00:00:00
551,Catalyst Inc,Technology,197,24605,LATAM,3,2020-03-26T00:00:00
552,Velocity Analytics,Healthcare,1887,108989,LATAM,14,2023-10-12T00:00:00
553,Velocity Group,Transportation,29142,1107342,North America,11,2023-07-17T00:00:00
554,Pacific Group,Professional Services,153,4528,North America,8,2024-04-19T00:00:00
555,Atlas Platforms,,128,11056,LATAM,10,2022-08-11T00:00:00
556,Vertex Analytics,Retail,199,39403,North America,13,2021-07-15T00:00:00
557,Vertex Technologies,Telecommunications,9269,1628125,LATAM,14,2021-12-03T00:00:00
558,Apex Enterprises,Retail,19512,421828,EMEA,7,2021-04-08T00:00:00
559,Nexus Technologies,Education,444,221243,APAC,4,2022-11-14T00:00:00
560,Quantum Systems,Professional Services,773,74156,EMEA,14,2021-08-18T00:00:00
561,Synergy Services,Media & Entertainment,249,189611,APAC,8,2023-06-06T00:00:00
562,Vanguard Software,Education,168,48609,LATAM,3,2021-10-08T00:00:00
563,Elevate Systems,Education,59,13193,EMEA,15,2024-02-01T00:00:00
564,Elevate Systems,Technology,158,14010,LATAM,4,2023-03-11T00:00:00
565,Pacific Dynamics,Government,6384,1622712,North America,10,2022-01-30T00:00:00
566,Optima Analytics,Healthcare,45580,1768908,EMEA,15,2024-08-27T00:00:00
567,Pacific Dynamics,Transportation,1737,186308,EMEA,16,2024-01-05T00:00:00
568,Zenith Dynamics,Manufacturing,134,41636,North America,8,2022-12-15T00:00:00
569,Pinnacle Group,Healthcare,966,46143,APAC,6,2024-08-30T00:00:00
570,Zenith Dynamics,Transportation,1606,245395,North America,13,2022-04-06T00:00:00
571,Pinnacle Systems,Energy,90,7479,APAC,11,2022-06-02T00:00:00
572,Synergy Digital,Technology,708,149078,,7,2022-10-07T00:00:00
573,Summit Group,Government,,30198,North America,14,2020-08-30T00:00:00
574,Zenith Software,Education,10674,339240,LATAM,9,2023-03-07T00:00:00
575,Acme Enterprises,Professional Services,41105,-1702367,,7,2023-05-30T00:00:00
576,Catalyst Software,Healthcare,90,-17189,North America,13,2023-07-19T00:00:00
577,Vertex Holdings,Media & Entertainment,137,33908,,5,2020-07-25T00:00:00
578,Elevate Partners,Manufacturing,109,28198,LATAM,1,2021-06-02T00:00:00
579,Velocity Group,Media & Entertainment,8660,1826764,North America,13,2020-04-11T00:00:00
580,Global Analytics,Transportation,25,5743,LATAM,9,2020-12-04T00:00:00
581,Synergy Inc,Media & Entertainment,1585,207734,LATAM,12,2022-03-24T00:00:00
582,Quantum Technologies,Professional Services,27907,907183,,2,2022-12-28T00:00:00
583,Pacific Analytics,Manufacturing,1853,150722,North America,16,2024-01-17T00:00:00
584,Optima Platforms,,927,208459,LATAM,1,2024-04-19T00:00:00
585,Acme Networks,Retail,,39137,EMEA,16,2024-07-31T00:00:00
586,Optima Systems,Healthcare,178,44140,APAC,16,2024-05-11T00:00:00
587,Atlas Dynamics,Technology,12570,479880,LATAM,1,2021-12-16T00:00:00
588,Pinnacle Solutions,Energy,47,12926,APAC,8,2023-08-28T00:00:00
589,Velocity Labs,Transportation,37361,1010886,APAC,9,2023-11-03T00:00:00
590,Quantum Enterprises,Telecommunications,192,19223,LATAM,12,2022-09-11T00:00:00
591,Catalyst Corp,Healthcare,862,195796,EMEA,13,2022-07-06T00:00:00
592,Nexus Labs,Education,1258,69631,APAC,4,2022-05-23T00:00:00
593,Global Labs,,199,19184,EMEA,13,2021-07-23T00:00:00
594,Elevate Digital,Healthcare,1772,235645,APAC,1,2023-05-03T00:00:00
595,Catalyst Holdings,Government,,370862,APAC,7,2020-08-13T00:00:00
596,Fusion Solutions,,1508,49530,APAC,5,2023-06-13T00:00:00
597,Vanguard Labs,Media & Entertainment,140,46554,North America,12,2020-02-16T00:00:00
598,Atlas Corp,Technology,101,16828,LATAM,2,2022-05-15T00:00:00
599,Synergy Solutions,Media & Entertainment,,165427,LATAM,3,2024-05-13T00:00:00
600,Nexus Labs,Retail,1683,200508,EMEA,1,2020-06-18T00:00:00
601,Quantum Holdings,Energy,276,72892,LATAM,11,2023-10-09T00:00:00
602,Zenith Partners,Manufacturing,77,5777,,5,2022-12-13T00:00:00
603,Acme Digital,Healthcare,13960,723044,APAC,14,2023-04-08T00:00:00
604,Velocity Networks,,1522,166639,APAC,2,2023-11-27T00:00:00
605,Horizon Inc,Healthcare,60,15103,EMEA,6,2020-10-27T00:00:00
606,Pinnacle Solutions,Manufacturing,178,25312,EMEA,7,2024-10-09T00:00:00
607,Horizon Labs,Financial Services,1604,170061,EMEA,2,2024-12-10T00:00:00
608,Nexus Services,Government,146,16504,LATAM,16,2024-04-24T00:00:00
609,Nova Analytics,Healthcare,178,42004,LATAM,8,2022-01-09T00:00:00
610,Horizon Corp,,1736,136981,APAC,14,2023-08-17T00:00:00
611,Pacific Analytics,Media & Entertainment,77,20377,EMEA,2,2024-07-31T00:00:00
612,Optima Group,Healthcare,,168144,North America,14,2023-09-04T00:00:00
613,Elevate Platforms,Energy,155,32323,North America,4,2024-06-13T00:00:00
614,Fusion Dynamics,Energy,1962,107300,APAC,14,2020-06-14T00:00:00
615,Optima Services,Media & Entertainment,14205,1404916,North America,2,2020-01-22T00:00:00
616,Vertex Enterprises,Manufacturing,60,-14065,North America,8,2020-02-29T00:00:00
617,Quantum Inc,Education,1210,94486,LATAM,12,2021-01-04T00:00:00
618,Horizon Platforms,Transportation,25,24536,LATAM,2,2021-04-25T00:00:00
619,Summit Analytics,Professional Services,931,215484,EMEA,2,2023-03-14T00:00:00
620,Horizon Labs,Transportation,132,17027,LATAM,4,2022-07-26T00:00:00
621,Fusion Corp,Manufacturing,38855,723675,EMEA,16,2024-05-13T00:00:00
622,Velocity Technologies,Professional Services,1360,223635,North America,6,2024-11-24T00:00:00
623,Summit Platforms,Retail,1507,120337,LATAM,8,2020-09-26T00:00:00
624,Global Enterprises,Media & Entertainment,,66145,APAC,4,2023-08-01T00:00:00
625,Pacific Networks,Financial Services,,234087,EMEA,8,2023-04-13T00:00:00
626,Fusion Corp,Healthcare,36,38341,APAC,14,2022-09-15T00:00:00
627,Vanguard Services,Media & Entertainment,65,15037,EMEA,11,2024-03-30T00:00:00
628,Velocity Group,Media & Entertainment,589,230384,APAC,5,2022-04-15T00:00:00
629,Nova Solutions,Transportation,221,133571,,3,2021-03-29T00:00:00
630,Vertex Systems,Education,181,29502,North America,4,2023-03-01T00:00:00
631,Vertex Labs,Government,226,26116,,14,2023-12-13T00:00:00
632,Optima Solutions,Manufacturing,145,905,North America,5,2020-11-16T00:00:00
633,Acme Corp,Transportation,37,21200,North America,2,2024-04-29T00:00:00
634,Pacific Enterprises,,70,38514,North America,16,2024-05-11T00:00:00
635,Horizon Partners,Healthcare,1421,50348,LATAM,4,2024-01-25T00:00:00
636,Zenith Enterprises,Energy,,47799,LATAM,9,2023-09-25T00:00:00
637,Elevate Holdings,Government,40,27545,APAC,7,2020-05-02T00:00:00
638,Synergy Networks,Financial Services,1665,194937,LATAM,5,2024-02-03T00:00:00
639,Fusion Software,,871,194972,North America,5,2021-05-26T00:00:00
640,Pinnacle Technologies,Transportation,178,5755,APAC,5,2022-03-11T00:00:00
641,Quantum Dynamics,Telecommunications,87,33415,EMEA,12,2024-07-01T00:00:00
642,Velocity Technologies,Telecommunications,82,28936,LATAM,14,2024-05-31T00:00:00
643,Catalyst Networks,Media & Entertainment,30527,1314078,EMEA,6,2020-08-21T00:00:00
644,Vertex Software,Government,49,35305,LATAM,14,2022-05-23T00:00:00
645,Zenith Enterprises,Media & Entertainment,1739,133435,North America,2,2020-05-28T00:00:00
646,Summit Software,Healthcare,69,1222,EMEA,11,2023-06-29T00:00:00
647,Zenith Technologies,Education,168,19849,North America,13,2020-03-17T00:00:00
648,Velocity Corp,Manufacturing,1954,17931,APAC,3,2021-11-30T00:00:00
649,Vertex Dynamics,Healthcare,,31357,APAC,6,2024-09-05T00:00:00
650,Pinnacle Inc,Government,7683,1686709,,9,2024-09-10T00:00:00
651,Pacific Labs,Manufacturing,85,30051,APAC,10,2021-03-11T00:00:00
652,Optima Enterprises,Transportation,43835,1920568,APAC,1,2022-06-10T00:00:00
653,Vertex Networks,Technology,1016,-93044,LATAM,8,2020-06-05T00:00:00
654,Fusion Dynamics,Transportation,32,3834,EMEA,6,2023-07-15T00:00:00
655,Quantum Digital,Retail,979,167381,EMEA,7,2024-12-02T00:00:00
656,Nova Networks,Government,30669,801390,,8,2020-11-07T00:00:00
657,Vertex Systems,Energy,1456,14585,North America,2,2022-02-13T00:00:00
658,Vanguard Software,Healthcare,13,36700,LATAM,6,2024-07-05T00:00:00
659,Vanguard Platforms,Education,1258,133554,EMEA,4,2023-05-03T00:00:00
660,Elevate Software,Education,15875,444714,LATAM,3,2022-10-29T00:00:00
661,Nexus Partners,Manufacturing,22729,1273177,APAC,8,2020-03-12T00:00:00
662,Quantum Dynamics,Energy,1339,145125,EMEA,14,2022-06-12T00:00:00
663,Optima Dynamics,Professional Services,39,40209,North America,5,2024-03-22T00:00:00
664,Zenith Dynamics,Financial Services,302,203686,APAC,4,2020-04-20T00:00:00
665,Synergy Digital,Telecommunications,46,22999,APAC,9,2023-11-21T00:00:00
666,Atlas Systems,Government,1485,119079,LATAM,8,2020-05-19T00:00:00
667,Nova Analytics,Technology,128,22942,North America,7,2021-10-28T00:00:00
668,Optima Analytics,Transportation,52,39906,North America,5,2024-03-13T00:00:00
669,Zenith Partners,Financial Services,31762,793329,EMEA,1,2020-01-05T00:00:00
670,Atlas Partners,Telecommunications,324,134747,,2,2022-01-24T00:00:00
671,Vanguard Technologies,Energy,17388,1523684,North America,1,2021-10-14T00:00:00
672,Synergy Solutions,Financial Services,115,35080,APAC,15,2024-06-24T00:00:00
673,Acme Systems,Media & Entertainment,168,24014,EMEA,16,2024-06-25T00:00:00
674,Horizon Partners,Technology,145,26094,North America,12,2020-11-01T00:00:00
675,Summit Analytics,Professional Services,216,75609,North America,1,2022-01-26T00:00:00
676,Horizon Networks,Financial Services,807,76705,LATAM,7,2021-06-13T00:00:00
677,Quantum Dynamics,,944,15482,APAC,3,2022-09-27T00:00:00
678,Fusion Partners,Media & Entertainment,13914,1958164,EMEA,8,2023-08-25T00:00:00
679,Elevate Analytics,Education,135,9197,LATAM,5,2020-02-01T00:00:00
680,Pinnacle Systems,Government,10327,879237,APAC,2,2022-07-30T00:00:00
681,Pacific Systems,Telecommunications,29,28651,LATAM,14,2020-07-11T00:00:00
682,Pacific Solutions,Transportation,28,-28412,North America,15,2024-06-16T00:00:00
683,Nova Platforms,Energy,144,46756,North America,9,2021-01-07T00:00:00
684,Synergy Solutions,Education,128,17162,North America,6,2023-08-26T00:00:00
685,Fusion Group,Financial Services,62,18886,LATAM,9,2020-07-19T00:00:00
686,Horizon Platforms,Transportation,51,15112,LATAM,6,2021-06-17T00:00:00
687,Nova Networks,Media & Entertainment,63,42398,North America,6,2024-01-22T00:00:00
688,Vanguard Digital,Transportation,117,33302,LATAM,4,2024-03-01T00:00:00
689,Catalyst Partners,Energy,,89268,LATAM,10,2021-02-28T00:00:00
690,Synergy Technologies,Transportation,38,33687,APAC,9,2022-07-20T00:00:00
691,Pinnacle Holdings,Education,35011,1426501,LATAM,1,2024-07-13T00:00:00
692,Velocity Partners,Healthcare,70,6765,EMEA,5,2021-05-30T00:00:00
693,Nova Platforms,Energy,64,49057,LATAM,3,2022-07-23T00:00:00
694,Nexus Software,Technology,168,24570,APAC,8,2022-11-09T00:00:00
695,Nova Enterprises,Energy,84,6176,EMEA,15,2024-03-18T00:00:00
696,Vanguard Enterprises,Healthcare,358,35215,APAC,8,2023-05-17T00:00:00
697,Global Group,Media & Entertainment,1221,141286,EMEA,16,2024-04-17T00:00:00
698,Nova Digital,Professional Services,47015,1769299,APAC,7,2024-06-07T00:00:00
699,Vertex Analytics,Government,162,46993,,16,2024-11-06T00:00:00
700,Catalyst Networks,Technology,41,16529,EMEA,15,2024-07-09T00:00:00
701,Global Services,Professional Services,42644,811098,APAC,8,2022-09-19T00:00:00
702,Pacific Systems,Government,78,49857,APAC,16,2024-12-21T00:00:00
703,Zenith Partners,Transportation,154,20129,North America,10,2020-11-14T00:00:00
704,Quantum Partners,Healthcare,440,154209,EMEA,3,2021-08-20T00:00:00
705,Optima Inc,,567,-171969,North America,12,2020-05-11T00:00:00
706,Elevate Software,Healthcare,612,109627,EMEA,3,2023-03-20T00:00:00
707,Velocity Analytics,Professional Services,65,37374,APAC,1,2021-04-23T00:00:00
708,Apex Corp,Technology,53,20059,North America,11,2021-12-29T00:00:00
709,Vanguard Partners,Technology,189,3715,LATAM,10,2021-08-02T00:00:00
710,Quantum Enterprises,Healthcare,38,9572,LATAM,16,2024-09-15T00:00:00
711,Summit Partners,Telecommunications,28,14525,LATAM,10,2022-07-26T00:00:00
712,Vertex Solutions,Media & Entertainment,,101369,LATAM,10,2021-04-05T00:00:00
713,Horizon Holdings,Healthcare,26,24468,EMEA,3,2021-07-28T00:00:00
714,Global Enterprises,Retail,339,114366,LATAM,11,2021-10-01T00:00:00
715,Global Labs,Education,80,42881,EMEA,9,2022-03-15T00:00:00
716,Optima Corp,Transportation,15,28225,North America,16,2024-10-27T00:00:00
717,Vanguard Partners,Retail,79,10185,LATAM,11,2023-04-26T00:00:00
718,Vertex Networks,Education,370,211985,LATAM,16,2024-07-12T00:00:00
719,Quantum Corp,Transportation,160,-4145,North America,12,2021-01-09T00:00:00
720,Vanguard Corp,Manufacturing,1867,204029,North America,5,2022-08-24T00:00:00
721,Zenith Inc,Telecommunications,135,2710,APAC,4,2020-07-05T00:00:00
722,Fusion Group,Education,400,180183,LATAM,2,2024-08-14T00:00:00
723,Nexus Digital,Financial Services,1727,197519,APAC,9,2023-08-19T00:00:00
724,Synergy Technologies,Professional Services,65,43003,North America,8,2024-05-18T00:00:00
725,Elevate Enterprises,Manufacturing,480,-153390,LATAM,5,2021-09-05T00:00:00
726,Zenith Dynamics,Technology,188,37102,APAC,4,2022-01-03T00:00:00
727,Acme Services,Media & Entertainment,1681,164488,APAC,2,2020-06-23T00:00:00
728,Velocity Enterprises,Technology,1404,166466,,3,2023-09-09T00:00:00
729,Acme Technologies,Energy,1723,115438,LATAM,10,2024-06-09T00:00:00
730,Fusion Inc,Technology,,48696,APAC,8,2020-11-30T00:00:00
731,Horizon Holdings,Education,957,164289,EMEA,11,2023-04-14T00:00:00
732,Vertex Partners,Media & Entertainment,73,38851,APAC,13,2023-07-03T00:00:00
733,Synergy Group,Energy,93,3782,LATAM,9,2023-03-26T00:00:00
734,Optima Networks,Professional Services,84,18682,APAC,8,2024-09-22T00:00:00
735,Apex Dynamics,Healthcare,735,151943,EMEA,3,2023-08-23T00:00:00
736,Velocity Digital,Manufacturing,184,27051,LATAM,15,2024-11-30T00:00:00
737,Horizon Holdings,Financial Services,33249,1267149,APAC,11,2024-09-11T00:00:00
738,Catalyst Enterprises,,131,15217,North America,15,2024-12-20T00:00:00
739,Quantum Holdings,Financial Services,126,34319,EMEA,2,2021-05-02T00:00:00
740,Quantum Networks,Energy,579,106837,North America,5,2021-07-31T00:00:00
741,Vertex Inc,Telecommunications,107,22475,LATAM,6,2023-01-17T00:00:00
742,Velocity Networks,Technology,1576,171028,LATAM,5,2022-02-27T00:00:00
743,Quantum Partners,Professional Services,307,205661,LATAM,4,2024-09-11T00:00:00
744,Pinnacle Platforms,Healthcare,929,125352,LATAM,9,2022-12-01T00:00:00
745,Vanguard Software,Healthcare,179,30796,LATAM,10,2021-07-20T00:00:00
746,Atlas Services,Professional Services,390,114509,North America,10,2024-03-02T00:00:00
747,Elevate Partners,,181,26625,,11,2023-10-21T00:00:00
748,Summit Networks,Energy,671,184350,APAC,14,2021-11-03T00:00:00
749,Elevate Services,Government,1644,240646,North America,4,2024-06-29T00:00:00
750,Horizon Services,Media & Entertainment,103,26613,LATAM,5,2024-05-08T00:00:00
751,Nova Digital,Professional Services,1406,43211,North America,13,2023-10-05T00:00:00
752,Optima Technologies,Media & Entertainment,101,48219,EMEA,13,2024-07-22T00:00:00
753,Atlas Group,Transportation,177,1450,,2,2023-06-02T00:00:00
754,Elevate Inc,Manufacturing,91,44590,EMEA,5,2023-11-17T00:00:00
755,Elevate Holdings,Telecommunications,200,2608,APAC,15,2024-12-15T00:00:00
756,Acme Technologies,Telecommunications,181,38376,EMEA,4,2020-01-11T00:00:00
757,Acme Analytics,Financial Services,105,10867,North America,7,2024-05-16T00:00:00
758,Pinnacle Group,Retail,766,154704,APAC,14,2024-04-08T00:00:00
759,Quantum Services,Transportation,2826,1465430,EMEA,1,2020-01-02T00:00:00
760,Optima Holdings,Government,12,34875,APAC,5,2020-05-05T00:00:00
761,Summit Corp,Financial Services,52,15823,EMEA,7,2024-08-11T00:00:00
762,Nexus Enterprises,Education,40,34520,APAC,8,2021-01-27T00:00:00
763,Quantum Software,Government,684,165176,North America,3,2022-02-28T00:00:00
764,Pinnacle Corp,Energy,605,162222,LATAM,6,2020-09-23T00:00:00
765,Nova Software,Professional Services,145,8587,LATAM,7,2023-04-18T00:00:00
766,Velocity Services,Government,1777,166080,APAC,10,2022-04-10T00:00:00
767,Summit Dynamics,Government,1237,228824,LATAM,16,2024-11-30T00:00:00
768,Pacific Holdings,Energy,878,205233,EMEA,7,2024-01-28T00:00:00
769,Global Platforms,Financial Services,1812,13701,EMEA,12,2021-04-25T00:00:00
770,Pacific Corp,Manufacturing,146,14297,EMEA,12,2024-09-29T00:00:00
771,Vertex Solutions,Financial Services,598,48983,APAC,7,2022-04-23T00:00:00
772,Summit Partners,Financial Services,196,20281,LATAM,6,2021-01-06T00:00:00
773,Pinnacle Digital,Retail,1479,227133,North America,9,2024-12-24T00:00:00
774,Catalyst Group,Retail,108,48460,APAC,4,2023-06-05T00:00:00
775,Nexus Partners,Manufacturing,484,138570,LATAM,12,2024-04-03T00:00:00
776,Apex Labs,Manufacturing,91,8517,APAC,10,2022-10-12T00:00:00
777,Horizon Digital,Technology,,39668,EMEA,7,2022-03-09T00:00:00
778,Apex Digital,Media & Entertainment,211,129374,LATAM,13,2022-03-27T00:00:00
779,Fusion Corp,Media & Entertainment,22,2718,North America,15,2024-10-06T00:00:00
780,Fusion Digital,Transportation,39218,-1999099,,13,2021-06-19T00:00:00
781,Apex Enterprises,Healthcare,52,38694,LATAM,3,2021-07-31T00:00:00
782,Atlas Enterprises,Technology,,49719,LATAM,12,2024-05-31T00:00:00
783,Acme Group,Manufacturing,194,6724,LATAM,15,2024-09-28T00:00:00
784,Fusion Partners,Healthcare,144,23108,EMEA,13,2020-11-14T00:00:00
785,Elevate Digital,Manufacturing,143,28440,APAC,4,2020-07-21T00:00:00
786,Quantum Solutions,Telecommunications,112,22785,LATAM,14,2024-04-10T00:00:00
787,Global Inc,Energy,9762,328628,EMEA,3,2021-07-13T00:00:00
788,Pacific Platforms,Government,1562,15563,EMEA,13,2024-02-25T00:00:00
789,Vertex Software,Retail,901,118185,EMEA,15,2024-08-23T00:00:00
790,Nova Partners,Financial Services,159,13325,EMEA,16,2024-11-09T00:00:00
791,Acme Group,Healthcare,125,18599,EMEA,3,2024-04-30T00:00:00
792,Elevate Services,Media & Entertainment,67,40840,North America,13,2023-10-21T00:00:00
793,Optima Analytics,Financial Services,149,25961,APAC,9,2021-02-16T00:00:00
794,Pacific Enterprises,Professional Services,20789,1008840,LATAM,7,2022-10-29T00:00:00
795,Vertex Technologies,Manufacturing,1375,70080,APAC,2,2021-11-11T00:00:00
796,Summit Services,Financial Services,142,6775,EMEA,8,2022-03-27T00:00:00
797,Global Systems,,29926,223526,North America,5,2022-01-08T00:00:00
798,Acme Partners,Telecommunications,57,43167,APAC,1,2020-05-11T00:00:00
799,Atlas Platforms,Technology,61,14009,APAC,10,2021-11-22T00:00:00
800,Nova Dynamics,Telecommunications,863,176414,APAC,1,2022-06-11T00:00:00
801,Apex Dynamics,Transportation,675,196087,EMEA,12,2022-11-02T00:00:00
802,Vanguard Analytics,Education,28517,1880634,APAC,4,2020-04-11T00:00:00
803,Acme Partners,Manufacturing,101,36807,North America,16,2024-09-03T00:00:00
804,Acme Partners,Energy,1019,183532,LATAM,1,2021-09-20T00:00:00
805,Quantum Dynamics,Professional Services,86,10251,LATAM,9,2023-11-09T00:00:00
806,Nexus Partners,Transportation,1195,209823,LATAM,5,2022-11-07T00:00:00
807,Fusion Digital,Professional Services,118,30432,North America,11,2023-01-18T00:00:00
808,Quantum Platforms,Healthcare,1089,78231,APAC,10,2023-03-18T00:00:00
809,Nexus Networks,Technology,33,6186,APAC,3,2020-09-23T00:00:00
810,Fusion Partners,Education,740,78548,LATAM,2,2023-09-20T00:00:00
811,Pinnacle Digital,Media & Entertainment,1126,184033,APAC,12,2021-08-12T00:00:00
812,Nexus Dynamics,Financial Services,44909,1387118,EMEA,14,2023-03-11T00:00:00
813,Apex Analytics,Media & Entertainment,,-1885974,APAC,4,2021-07-08T00:00:00
814,Velocity Digital,Education,49,49522,,8,2020-09-06T00:00:00
815,Quantum Dynamics,Financial Services,62,14168,EMEA,14,2020-07-23T00:00:00
816,Synergy Corp,Professional Services,46277,545359,North America,13,2023-01-01T00:00:00
817,Apex Services,Energy,292,133247,APAC,10,2021-10-12T00:00:00
818,Pacific Systems,Financial Services,14,48579,North America,16,2024-01-09T00:00:00
819,Velocity Enterprises,Retail,143,25844,LATAM,15,2024-04-29T00:00:00
820,Vanguard Systems,Education,42,37196,APAC,11,2024-10-19T00:00:00
821,Atlas Platforms,Financial Services,1904,106082,EMEA,4,2020-05-22T00:00:00
822,Nova Platforms,Energy,27834,788396,EMEA,15,2024-01-30T00:00:00
823,Synergy Software,Telecommunications,967,196894,APAC,2,2023-05-30T00:00:00
824,Atlas Solutions,Technology,,30848,LATAM,13,2024-10-07T00:00:00
825,Apex Enterprises,Retail,164,29080,,8,2021-01-12T00:00:00
826,Synergy Holdings,Manufacturing,66,25170,EMEA,3,2023-05-25T00:00:00
827,Fusion Software,Retail,18,22686,EMEA,4,2021-08-10T00:00:00
828,Quantum Systems,Energy,98,48981,EMEA,13,2020-10-26T00:00:00
829,Nexus Holdings,Government,72,41917,LATAM,7,2024-11-13T00:00:00
830,Velocity Holdings,Transportation,117,21121,APAC,10,2022-08-29T00:00:00
831,Zenith Dynamics,Professional Services,25142,1260143,APAC,3,2021-05-19T00:00:00
832,Fusion Enterprises,Healthcare,18837,994285,LATAM,7,2022-10-06T00:00:00
833,Velocity Digital,Transportation,1327,184383,North America,7,2021-08-17T00:00:00
834,Global Enterprises,Healthcare,1327,25473,APAC,10,2023-07-13T00:00:00
835,Vanguard Enterprises,Manufacturing,442,185202,EMEA,13,2024-07-08T00:00:00
836,Optima Group,Financial Services,92,20751,North America,13,2024-05-01T00:00:00
837,Pinnacle Holdings,Healthcare,1013,14383,North America,12,2020-01-21T00:00:00
838,Quantum Solutions,Government,50,40972,EMEA,3,2022-05-13T00:00:00
839,Quantum Solutions,Manufacturing,26,10090,,13,2023-02-19T00:00:00
840,Nexus Inc,,1304,48917,LATAM,1,2023-03-04T00:00:00
841,Acme Inc,Telecommunications,1989,154469,APAC,12,2023-01-03T00:00:00
842,Velocity Partners,Retail,1390,222959,APAC,6,2020-07-27T00:00:00
843,Vertex Holdings,Manufacturing,1991,55026,North America,10,2023-06-01T00:00:00
844,Summit Holdings,Energy,50,41621,North America,16,2024-03-15T00:00:00
845,Velocity Corp,Telecommunications,282,104216,North America,7,2020-12-16T00:00:00
846,Vanguard Networks,Professional Services,135,27674,,9,2020-02-09T00:00:00
847,Elevate Partners,,42919,1427393,APAC,9,2022-10-27T00:00:00
848,Vanguard Holdings,Financial Services,84,40511,LATAM,3,2020-06-29T00:00:00
849,Nexus Software,Retail,133,39904,EMEA,13,2022-05-10T00:00:00
850,Optima Platforms,Media & Entertainment,141,18002,North America,5,2020-04-07T00:00:00
851,Pinnacle Labs,Transportation,,6165,APAC,15,2024-02-13T00:00:00
852,Synergy Solutions,Energy,27124,-1556929,APAC,8,2024-01-01T00:00:00
853,Nova Enterprises,Education,2972,447035,LATAM,13,2024-11-19T00:00:00
854,Synergy Labs,Manufacturing,74,2756,LATAM,12,2022-11-04T00:00:00
855,Global Partners,Media & Entertainment,,35095,LATAM,4,2024-06-17T00:00:00
856,Nova Services,Retail,46575,174817,EMEA,8,2021-12-06T00:00:00
857,Vanguard Corp,Education,154,33878,North America,1,2020-08-13T00:00:00
858,Quantum Technologies,,1008,94586,EMEA,1,2024-02-20T00:00:00
859,Catalyst Inc,Government,83,7513,,6,2023-10-03T00:00:00
860,Summit Enterprises,Professional Services,62,48567,APAC,10,2024-11-30T00:00:00
861,Nexus Holdings,Financial Services,64,6452,North America,12,2024-10-21T00:00:00
862,Vanguard Group,Government,175,33473,APAC,11,2020-01-07T00:00:00
863,Pacific Holdings,Healthcare,62,24373,APAC,6,2023-10-03T00:00:00
864,Summit Digital,Professional Services,10,26527,North America,10,2024-11-09T00:00:00
865,Synergy Solutions,Technology,61,2829,EMEA,16,2024-05-14T00:00:00
866,Optima Enterprises,Telecommunications,35202,1292125,EMEA,7,2021-12-12T00:00:00
867,Apex Digital,,1107,90154,APAC,3,2020-06-18T00:00:00
868,Catalyst Networks,Professional Services,1494,15882,APAC,11,2023-06-06T00:00:00
869,Catalyst Services,Professional Services,1799,73161,EMEA,5,2022-05-25T00:00:00
870,Synergy Labs,Healthcare,,23090,APAC,10,2021-03-14T00:00:00
871,Global Networks,Energy,1346,235956,North America,5,2021-01-24T00:00:00
872,Global Platforms,Professional Services,33,40090,North America,15,2024-02-15T00:00:00
873,Pinnacle Enterprises,Financial Services,1371,17410,LATAM,7,2023-02-07T00:00:00
874,Quantum Services,Transportation,1287,185934,EMEA,7,2020-09-23T00:00:00
875,Apex Partners,Financial Services,204,164175,North America,8,2023-04-11T00:00:00
876,Optima Group,Financial Services,13,10654,APAC,15,2024-12-27T00:00:00
877,Optima Holdings,Transportation,,104252,North America,4,2020-11-13T00:00:00
878,Catalyst Systems,Technology,33357,930433,APAC,6,2021-11-07T00:00:00
879,Synergy Corp,Retail,94,16375,LATAM,13,2022-02-25T00:00:00
880,Summit Analytics,Government,179,36277,EMEA,15,2024-08-27T00:00:00
881,Zenith Services,Manufacturing,513,208196,North America,4,2021-08-26T00:00:00
882,Apex Group,Media & Entertainment,1737,109057,APAC,9,2023-05-27T00:00:00
883,Synergy Services,Manufacturing,1528,113561,North America,1,2022-08-29T00:00:00
884,Optima Dynamics,Government,1279,159664,LATAM,15,2024-02-17T00:00:00
885,Pinnacle Holdings,Healthcare,178,25904,LATAM,12,2020-01-31T00:00:00
886,Summit Solutions,Energy,386,158978,LATAM,14,2020-12-09T00:00:00
887,Fusion Software,Government,143,24293,LATAM,7,2022-01-02T00:00:00
888,Global Platforms,Telecommunications,478,175611,North America,14,2020-09-23T00:00:00
889,Summit Technologies,Telecommunications,39417,626171,APAC,14,2021-05-07T00:00:00
890,Catalyst Solutions,Telecommunications,640,97310,North America,5,2022-10-30T00:00:00
891,Synergy Networks,Professional Services,1886,150186,APAC,12,2022-03-21T00:00:00
892,Elevate Systems,Professional Services,80,5957,LATAM,13,2023-12-01T00:00:00
893,Atlas Inc,Financial Services,1886,203858,EMEA,8,2024-08-23T00:00:00
894,Pacific Solutions,Manufacturing,1067,246094,LATAM,8,2022-04-28T00:00:00
895,Pinnacle Labs,Retail,536,133326,,15,2024-12-05T00:00:00
896,Elevate Networks,Energy,1879,39556,LATAM,5,2024-10-22T00:00:00
897,Nova Platforms,Professional Services,32782,987731,EMEA,3,2023-12-03T00:00:00
898,Vanguard Holdings,Retail,58,1441,EMEA,16,2024-09-21T00:00:00
899,Nova Platforms,Education,52,14675,North America,3,2020-12-24T00:00:00
900,Summit Solutions,Manufacturing,131,30101,LATAM,7,2022-07-28T00:00:00
901,Acme Corp,Financial Services,54,14873,EMEA,13,2023-07-01T00:00:00
902,Pinnacle Platforms,Energy,789,94647,LATAM,15,2024-03-27T00:00:00
903,Nova Enterprises,Telecommunications,802,243041,North America,7,2024-09-07T00:00:00
904,Elevate Software,Media & Entertainment,164,40886,APAC,3,2024-10-07T00:00:00
905,Vanguard Technologies,Transportation,301,150580,LATAM,4,2021-05-02T00:00:00
906,Optima Analytics,Government,,37904,LATAM,3,2024-05-16T00:00:00
907,Global Digital,Financial Services,60,46324,APAC,14,2024-10-15T00:00:00
908,Horizon Networks,Manufacturing,35,42533,North America,8,2024-05-23T00:00:00
909,Vanguard Dynamics,Financial Services,168,32640,EMEA,6,2020-05-17T00:00:00
910,Zenith Software,Energy,132,29282,North America,2,2021-01-18T00:00:00
911,Synergy Solutions,Technology,17,13736,LATAM,7,2024-11-11T00:00:00
912,Nexus Networks,,1635,220025,LATAM,15,2024-07-03T00:00:00
913,Global Networks,Retail,156,22958,LATAM,7,2022-04-12T00:00:00
914,Summit Systems,Government,1008,199039,APAC,12,2020-05-21T00:00:00
915,Nova Inc,Telecommunications,161,43281,EMEA,15,2024-04-03T00:00:00
916,Fusion Solutions,Technology,534,87321,North America,16,2024-06-15T00:00:00
917,Acme Group,Healthcare,146,17774,North America,10,2024-11-23T00:00:00
918,Atlas Labs,Professional Services,1460,82189,APAC,4,2024-02-04T00:00:00
919,Velocity Platforms,Media & Entertainment,49701,-1025326,North America,6,2021-05-03T00:00:00
920,Velocity Platforms,Energy,926,11999,,16,2024-07-24T00:00:00
921,Pacific Holdings,Energy,110,1180,LATAM,6,2024-03-26T00:00:00
922,Vanguard Services,Technology,89,39545,APAC,16,2024-07-16T00:00:00
923,Acme Group,Transportation,1588,151302,North America,14,2022-12-24T00:00:00
924,Pacific Technologies,Transportation,1294,28762,North America,16,2024-03-10T00:00:00
925,Atlas Technologies,Financial Services,129,485,LATAM,14,2022-04-29T00:00:00
926,Synergy Inc,Technology,536,122069,North America,2,2024-07-04T00:00:00
927,Apex Services,Media & Entertainment,25115,1746410,APAC,8,2023-07-30T00:00:00
928,Nova Holdings,Manufacturing,13825,1193226,APAC,2,2021-02-21T00:00:00
929,Vertex Services,Healthcare,100,7895,EMEA,11,2024-04-13T00:00:00
930,Fusion Labs,Retail,31,42585,APAC,11,2021-02-25T00:00:00
931,Nova Dynamics,Education,121,28287,EMEA,15,2024-01-20T00:00:00
932,Atlas Networks,Education,35,33089,APAC,3,2021-11-06T00:00:00
933,Pacific Inc,,2582,56597,EMEA,6,2022-12-31T00:00:00
934,Elevate Services,Government,53,6718,North America,10,2022-01-17T00:00:00
935,Summit Inc,Energy,13845,1708737,EMEA,3,2021-10-07T00:00:00
936,Summit Enterprises,Government,1722,118583,North America,2,2023-10-09T00:00:00
937,Zenith Inc,Technology,77,46518,,15,2024-02-04T00:00:00
938,Synergy Dynamics,Media & Entertainment,174,25231,APAC,5,2024-11-15T00:00:00
939,Acme Inc,Education,67,968,North America,15,2024-01-31T00:00:00
940,Atlas Group,Retail,113,46173,,13,2023-05-19T00:00:00
941,Apex Networks,Telecommunications,158,40909,APAC,8,2023-01-03T00:00:00
942,Vanguard Software,Telecommunications,387,147266,APAC,4,2022-08-14T00:00:00
943,Catalyst Platforms,Professional Services,32761,1419144,EMEA,10,2022-03-26T00:00:00
944,Zenith Group,Professional Services,131,20224,LATAM,13,2023-08-04T00:00:00
945,Apex Corp,Government,151,41488,APAC,13,2024-03-20T00:00:00
946,Synergy Systems,Manufacturing,1595,230932,LATAM,12,2022-05-10T00:00:00
947,Pinnacle Digital,Government,176,33395,EMEA,16,2024-06-28T00:00:00
948,Global Platforms,Manufacturing,7368,973493,North America,16,2024-06-17T00:00:00
949,Optima Software,Government,687,58744,EMEA,4,2021-06-18T00:00:00
950,Nexus Platforms,Retail,1593,241595,LATAM,4,2023-09-12T00:00:00
951,Quantum Analytics,Transportation,223,190047,APAC,16,2024-01-09T00:00:00
952,Nova Networks,,,35978,APAC,12,2023-10-15T00:00:00
953,Pinnacle Digital,Government,214,119907,EMEA,8,2021-11-28T00:00:00
954,Acme Dynamics,Energy,25,37346,LATAM,5,2020-04-20T00:00:00
955,Pacific Solutions,Media & Entertainment,1201,146769,APAC,4,2020-10-17T00:00:00
956,Elevate Technologies,Financial Services,21,13154,LATAM,7,2024-01-28T00:00:00
957,Acme Networks,Healthcare,107,26237,EMEA,12,2023-01-28T00:00:00
958,Pinnacle Digital,Government,759,138369,LATAM,12,2020-09-23T00:00:00
959,Pinnacle Networks,Energy,114,9597,North America,16,2024-08-21T00:00:00
960,Vanguard Labs,Retail,478,169947,LATAM,14,2022-08-12T00:00:00
961,Synergy Systems,Retail,10600,360243,LATAM,7,2023-09-20T00:00:00
962,Velocity Inc,Technology,46161,1120519,LATAM,10,2023-05-14T00:00:00
963,Velocity Digital,Retail,102,32526,APAC,3,2023-11-03T00:00:00
964,Elevate Networks,,29519,378254,EMEA,14,2021-03-13T00:00:00
965,Zenith Technologies,Government,58,16925,North America,6,2021-04-04T00:00:00
966,Horizon Corp,Retail,48,49604,,7,2021-08-15T00:00:00
967,Elevate Technologies,Transportation,103,22991,LATAM,5,2021-09-15T00:00:00
968,Synergy Dynamics,Education,1757,39047,North America,15,2024-04-30T00:00:00
969,Apex Labs,Professional Services,82,26095,,15,2024-03-01T00:00:00
970,Quantum Networks,Professional Services,1633,160033,LATAM,2,2021-09-16T00:00:00
971,Nova Enterprises,Government,8837,1906403,APAC,3,2023-01-30T00:00:00
972,Vertex Holdings,Education,542,173199,APAC,1,2022-05-11T00:00:00
973,Pacific Corp,Government,72,23065,North America,8,2021-09-25T00:00:00
974,Optima Group,Transportation,1396,164567,LATAM,1,2021-11-11T00:00:00
975,Quantum Holdings,Telecommunications,38,592,North America,3,2024-03-01T00:00:00
976,Zenith Platforms,Technology,38722,1727740,EMEA,16,2024-06-13T00:00:00
977,Apex Enterprises,Telecommunications,49,35836,North America,10,2022-04-09T00:00:00
978,Global Solutions,Financial Services,75,20724,LATAM,2,2022-12-20T00:00:00
979,Optima Enterprises,Telecommunications,786,200907,,10,2024-10-13T00:00:00
980,Vanguard Services,Technology,82,42115,EMEA,13,2023-07-01T00:00:00
981,Global Inc,Professional Services,173,8506,LATAM,10,2024-06-23T00:00:00
982,Zenith Technologies,Telecommunications,,-24472,North America,14,2024-06-09T00:00:00
983,Atlas Dynamics,Telecommunications,35,24621,LATAM,9,2022-07-27T00:00:00
984,Horizon Services,Manufacturing,1338,234964,North America,2,2024-07-04T00:00:00
985,Vanguard Group,Government,1806,177476,LATAM,2,2020-08-27T00:00:00
986,Nexus Systems,Retail,920,133061,North America,2,2020-12-29T00:00:00
987,Horizon Digital,Education,49143,1137882,EMEA,3,2023-02-26T00:00:00
988,Catalyst Technologies,Energy,1580,159273,North America,14,2023-10-16T00:00:00
989,Nexus Holdings,Professional Services,123,33571,North America,12,2023-11-13T00:00:00
990,Elevate Technologies,Technology,103,1300,North America,7,2021-09-02T00:00:00
991,Fusion Holdings,Technology,380,246174,North America,11,2024-03-27T00:00:00
992,Pinnacle Labs,Financial Services,27,44316,LATAM,11,2022-07-27T00:00:00
993,Vertex Partners,,264,184977,North America,3,2020-12-01T00:00:00
994,Nova Enterprises,Healthcare,92,10874,North America,15,2024-03-27T00:00:00
995,Vanguard Labs,Education,64,46488,APAC,7,2021-03-21T00:00:00
996,Acme Platforms,Manufacturing,35,36586,North America,14,2024-08-10T00:00:00
997,Apex Inc,Education,25,18261,North America,7,2024-08-08T00:00:00
998,Synergy Solutions,Transportation,1381,190177,North America,9,2020-09-14T00:00:00
999,Nova Labs,Government,553,129535,APAC,6,2021-03-21T00:00:00
1000,Fusion Holdings,Education,146,12997,North America,14,2020-04-20T00:00:00
